Sequences,Tmelt
GPOGPOGPOGPOGPQGPGGPPGPOGPOGPOGPOGPO,68
GPOGPOGPOGPOGPOGPOGPOGPOGPO,62
GPOGPOGPOGPOGPOGPOGPOGPOGPO,58
﻿GPOGPOGPOGPOGAKGDAGPOGPOGPOGPOGPO,55
GPOGPOGPOGPOGPVGAAGATGPOGPOGPOGPOGPO,54
GPOGPOGPKGEOGPOGPOGPO,51
GPOGPOGPOGPOGPOGPOGPO,50.5
GPOGPOGPKGSOGPOGPOGPO,49.5
GPOGPOGPOGQOGLOGLOGPOGPOGPOGPO,48
GPOGPOGPKGDOGPOGPOGPO,48
GPOGPOGPOGPOGPOGPOGPOGPO,47.3
GPOGPOGPOGPOGPOGPOGPOGPO,47.3
GPOGPOGPOGPOGPOGPOGPOGPO,47.3
GPOGPOGPOGPRGPOGPOGPOGPO,47.2
GPOGPOGPOGPRGPOGPOGPOGPO,47.2
GPOGPOGPOGTOGPOGPOGPO,46.5
GPOGPOGPOGPOGPOGPOGPOGPO,45.5
GPOGPOGPOGPAGPOGPOGPOGPO,45.5
GPOGPOGPOGSOGPOGPOGPO,45.5
GPOGPOGPOGPPGPOGPOGPOGPO,45.5
GPOGPOGPOGPOGPQGPGSPPGPOGPOGPOGPOGPO,45
GPOGPOGPOGPOGPOGPOGPOGPO,44.5
GPOGPOGPOGPRGPOGPOGPOGPO,44.5
GPOGPOGPOGPOGPOGPOGPOGPO,44.5
GPOGPOGPOGPOGPOGPOGPOGPO,44.5
GPOGPOGPOGGQOGLOGLOGPOPOGPOGPOGGY,44
GPOGPOGPOGSOGPOGPOGPO,44
GPOGPOGPOGEOGPOGPOGPOGPO,42.9
GPOGPOGPOGEOGPOGPOGPOGPO,42.9
GPOGPOGPOGEOGPOGPOGPOGPO,42.9
GPOGPOGPOGAKGDAGPOGPAGPOGPOGPOGY,42.8
GPOGPOGPAGPOGPOGPAGPOGPO,42.8
GPOGPOGPOGPMGPOGPOGPOGPO,42.6
GPOGPOGPOGPMGPOGPOGPOGPO,42.6
GPOGPOGPOGPAGPOGPAGPOGPO,42.2
GPOGPOGPKGPOGPOGPOGPO,42
GPOGPOGPOGAOGPOGPOGPOGPO,41.7
GPOGPOGPOGAOGPOGPOGPOGPO,41.7
GPOGPOGPOGKOGPOGPOGPOGPO,41.5
GPOGPOGPOGKOGPOGPOGPOGPO,41.5
GPOGPOGPOGPIGPOGPOGPOGPO,41.5
GPOGPOGPOGKOGPOGPOGPOGPO,41.5
GPOGPOGPOGPIGPOGPOGPOGPO,41.5
GPOGPOGQOGLOGLOGPOGPOGPOGPO,41.3
GPOGPOGPOGPQGPOGPOGPOGPO,41.3
GPOGPOGPOGPQGPOGPOGPOGPO,41.3
GPOGPOGPOGEPGPOGPOGPOGPO,41.1
GPOGPOGPOGPAGPOGPOGPOGPO,40.9
GPOGPOGPOGPAGPOGPOGPOGPO,40.9
GPOGPOGPOGAOGPOGPOGPOGPO,40.6
GPOGPOGPOGROGPOGPOGPOGPO,40.6
GPOGPOGPOGROGPOGPOGPOGPO,40.6
GPOGPOGPOGROGPOGPOGPOGPO,40.6
GPOGPOGPOGPOGPAGPAGPOGPO,40.4
GPOGPOGPOGERGPOGPOGPOGPO,40.4
GPOGPOGPOGQOGPOGPOGPOGPO,40.4
GPOGPOGPOGQOGPOGPOGPOGPO,40.4
GPOGPOGPOGERGPOGPOGPOGPO,40.4
GPOGPOGPOGDOGPOGPOGPOGPO,40.1
GPOGPOGPOGDOGPOGPOGPOGPO,40.1
GPOGPOGPOGDOGPOGPOGPOGPO,40.1
GPOGPOGPOGPVGPOGPOGPOGPO,40
GPOGPOGPOGPVGPOGPOGPOGPO,40
GPOGPOGPOGAOGPOGPOGPOGPO,39.9
GPOGPOGPOGAOGPOGPOGPOGPO,39.9
GPOGPOGPOGAOGPOGPOGPOGPO,39.9
GPOGPOGPOGPEGPOGPOGPOGPO,39.7
GPOGPOGPOGPEGPOGPOGPOGPO,39.7
GPOGPOGPOGPTGPOGPOGPOGPO,39.7
GPOGPOGPOGKPGPOGPOGPOGPO,39.7
GPOGPOGPOGPEGPOGPOGPOGPO,39.7
GPOGPOGPOGPTGPOGPOGPOGPO,39.7
GPOGPOGPOGTOGPOGPOGPO,39.5
GPOGPOGPOGQRGPOGPOGPOGPO,39.5
GPOGPOGPOGKRGPOGPOGPOGPO,39.1
GPOGPOGPOGLOGPOGPOGPOGPO,39
GPOGPOGPOGLOGPOGPOGPOGPO,39
GPOGPOGPOGLOGPOGPOGPOGPO,39
GPOGPOGPOGVOGPOGPOGPOGPO,38.9
GPOGPOGPOGVOGPOGPOGPOGPO,38.9
GPOGPOGPOGKQGPOGPOGPOGPO,38.9
GPOGPOGPOGRPGPOGPOGPOGPO,38.8
GPOGPOGPOGMOGPOGPOGPOGPO,38.6
GPOGPOGPOGMOGPOGPOGPOGPO,38.6
GPOGPOGPOGQPGPOGPOGPOGPO,38.6
GPOGPOGPKGTOGPOGPOGPO,38.5
GLPGPRGEQGPTGPTGPAGPRGLQGLQGLQGERGEQGPTGPAGPRGLPGERGEQGPTGLAGKAGEAGAKGETGPAGPQGPRGEQGPQGLPGKDGEAGAQGPAGPMGPAGERGEKGEPGTQGAKGDRGETGPVGPRGERGEAGPAGKDGERGPVGPAGKDGQNGQDGLPGKDGKDGQNGKDGPGKDGKDGQNGKDGLPGKDGKDGQDGKDGLPGKDGKDGLPGKDGKDGQPGKPGKY,38.5
GPOGPOGPOGIOGPOGPOGPOGPO,38.4
GPOGPOGPOGIOGPOGPOGPOGPO,38.4
GPOGPOGPOGPAGPOGPOGPOGPO,38.3
GPOGPOGPOGPAGPOGPOGPOGPO,38.3
GPOGPOGPOGNOGPOGPOGPOGPO,38.3
GPOGPOGPOGNOGPOGPOGPOGPO,38.3
GPOGPOGPOGDPGPOGPOGPOGPO,38.3
GPOGPOGPOGSOGPOGPOGPOGPO,38.3
GLPGPRGEQGPTGPMGPAGPRGLQGLQGLQGERGEQGPTGPAGPRGLPGERGEQGPTGLAGKAGEAGAKGETGPAGPQGPRGEQGPQGLPGKDGEAGAQGPAGPMGPAGERGEKGEPGTQGAKGDRGETGPVGPRGERGEAGPAGKDGERGPVGPAGKDGQNGQDGLPGKDGKDGQNGKDGPGKDGKDGQNGKDGLPGKDGKDGQDGKDGLPGKDGKDGLPGKDGKDGQPGKPGKY,38.3
GPOGPOGPOGAAGPOGPOGPOGPO,38.2
GPOGPOGPOGARGPOGPOGPOGPO,38.2
GPOGPOGPOGEMGPOGPOGPOGPO,38.2
GPOGPOGPOGSOGPOGPOGPOGPO,38
GPOGPOGPOGSOGPOGPOGPOGPO,38
GPOGPOGPOGRRGPOGPOGPOGPO,38
GPOGPOGPOGPCGPOGPOGPOGPO,37.7
GPOGPOGPOGAPGPOGPOGPOGPO,37.7
GPOGPOGPOGEQGPOGPOGPOGPO,37.7
GPOGPOGPOGPCGPOGPOGPOGPO,37.7
GPOGPOGPOGLPGPOGPOGPOGPO,37.2
GPOGPOGPOGDRGPOGPOGPOGPO,37.1
GPOGPOGPOGVPGPOGPOGPOGPO,37.1
GPOGPOGPOGDRGPOGPOGPOGPO,37.1
GPOGPOGPOGEIGPOGPOGPOGPO,37.1
GPOGPOGPOGAMGPOGPOGPOGPO,37
GLPGPRGEQGPTGPTGPAGPRGLQGLQGLQGERGEQGPTGPAGPRGLPGERGEQGPTGLAGKAGEAGAKGETGPAGPQGPRGEQGPQGLPGKDGEAGAQGPAGPMRPAGERGEKGEPGTQGAKGDRGETGPVGPRGERGEAGPAGKDGERGPVGPAGKDGQNGQDGLPGKDGKDGQNGKDGPGKDGKDGQNGKDGLPGKDGKDGQDGKDGLPGKDGKDGLPGKDGKDGQPGKPGKY,37
GPOGPOGPOGPKGPOGPOGPOGPO,36.8
GPOGPOGPOGPKGPOGPOGPOGPO,36.8
GPOGPOGPOGPVGPOGPOGPOGPO,36.8
GPOGPOGPOGMPGPOGPOGPOGPO,36.8
GPOGPOGPOGKMGPOGPOGPOGPO,36.8
GPOGPOGPOGPKGPOGPOGPOGPO,36.8
GPOGPOGPOGIPGPOGPOGPOGPO,36.6
GPOGPOGPKGSOGPOGPOGPO,36.5
GPOGPOGPOGHOGPOGPOGPOGPO,36.5
GPOGPOGPOGHOGPOGPOGPOGPO,36.5
GPOGPOGPOGNPGPOGPOGPOGPO,36.5
GLPGPRGEQGPTGPTGPAGPRGLQGLQGLQGERGEQGPTGPAGPRGLPGERGEQGPTGLAGKAGEAGAKGETGPAGPQGPRGEQGPQGLPGKDGEAGAQGPAGPMSPAGERGEKGEPGTQGAKGDRGETGPVGPRGERGEAGPAGKDGERGPVGPAGKDGQNGQDGLPGKDGKDGQNGKDGPGKDGKDGQNGKDGLPGKDGKDGQDGKDGLPGKDGKDGLPGKDGKDGQPGKPGKY,36.5
GPOGPOGPOGLRGPOGPOGPOGPO,36.4
GPOGPOGPOGVRGPOGPOGPOGPO,36.3
GPOGPOGPOGTOGPOGPOGPOGPO,36.2
GPOGPOGPOGTOGPOGPOGPOGPO,36.2
GPOGPOGPOGSPGPOGPOGPOGPO,36.2
GPOGPOGPOGCOGPOGPOGPOGPO,36.1
GPOGPOGPOGCOGPOGPOGPOGPO,36.1
GPOGPOGPOGPOGPOGPO,36
GPOGPOGPOGPOGPOGPO,36
GPOGPOGPOGMRGPOGPOGPOGPO,36
GPOGPOGPOGRMGPOGPOGPOGPO,35.9
GPOGPOGPOGAIGPOGPOGPOGPO,35.9
GPOGPOGPOGETGPOGPOGPOGPO,35.9
GPOGPOGPOGIRGPOGPOGPOGPO,35.8
GPOGPOGPOGKDGPOGPOGPOGPO,35.8
GPOGPOGPOGPHGPOGPOGPOGPO,35.7
GPOGPOGPOGNRGPOGPOGPOGPO,35.7
GPOGPOGPOGQMGPOGPOGPOGPO,35.7
GPOGPOGPOGKIGPOGPOGPOGPO,35.7
GPOGPOGPOGAQGPOGPOGPOGPO,35.7
GPOGPOGPOGLQGPOGPOGPOGPO,35.7
GPOGPOGPOGPHGPOGPOGPOGPO,35.7
GPOGPOGPOGKDGPOGPOGPOGPO,35.5
GPOGPOGPOGSRGPOGPOGPOGPO,35.4
GPOGPOGPOGDMGPOGPOGPOGPO,35.4
GQDGRNGERGEQGPTGPTGPAGPRGLQGLQ GLQGERGEQGPTGPAGPRGLQGERGEQGPT GLAGKAGEAGAKGETGPAGPQGPRGEQGPQ GLP GARGERGFPGERGVQGPP GKDGEAGAQGPAGPMGPAGERGEKGEP GTQGAKGDRGETGPVGPRGERGEAGPAGKD GERGPVGPAGKDGQNGQDGLPGKDGKDGQN GKDGLPGKDGKDGQNGKDGLPGKDGKDGQD GKDGLPGKDGKDGLPGKDGKDGQPGKPGKY,35.4
GPOGPOGPOGKEGPOGPOGPOGPO,35.3
GPOGPOGPOGEVGPOGPOGPOGPO,35.3
GPOGPOGPOGEEGPOGPOGPOGPO,35.3
GPOGPOGPOGKEGPOGPOGPOGPO,35.3
GPOGPOGPOGKAGPOGPOGPOGPO,35.1
GPOGPOGPOGRDGPOGPOGPOGPO,35
GPOGPOGPOGEKGPOGPOGPOGPO,35
GPOGPOGPOGPSGPOGPOGPOGPO,35
GPOGPOGPOGEKGPOGPOGPOGPO,35
GPOGPOGPOGPSGPOGPOGPOGPO,35
GPOGAOGAOGAOGPVGPAGARGPOGPOGPOGPO,35
GPOGPOGPOGRIGPOGPOGPOGPO,34.8
GPOGPOGPOGPSGPOGPOGPOGPO,34.8
GPOGPOGPOGHPGPOGPOGPOGPO,34.7
GPOGPOGPOGQIGPOGPOGPOGPO,34.6
GPOGPOGPOGRQGPOGPOGPOGPO,34.6
GPOGPOGPOGEAGPOGPOGPOGPO,34.6
GPOGPOGPOGRDGPOGPOGPOGPO,34.5
GPOGPOGPOGTPGPOGPOGPOGPO,34.4
GPOGPOGPOGQQGPOGPOGPOGPO,34.4
GPOGPOGPOGAVGPOGPOGPOGPO,34.4
GPOGPOGPOGYOGPOGPOGPOGPO,34.3
GPOGPOGPOGYOGPOGPOGPOGPO,34.3
GPOGPOGPOGCPGPOGPOGPOGPO,34.3
GPOGPOGPOGLMGPOGPOGPOGPO,34.3
GPOGPOGPOGDIGPOGPOGPOGPO,34.3
GPOGPOGPOGVMGPOGPOGPOGPO,34.2
GPOGPOGPOGRAGPOGPOGPOGPO,34.2
GPOGPOGPOGKVGPOGPOGPOGPO,34.2
GPOGPOGPOGDQGPOGPOGPOGPO,34.1
GPOGPOGPOGAEGPOGPOGPOGPO,34.1
GPOGPOGPOGATGPOGPOGPOGPO,34.1
GPOGPOGPOGPDGPOGPOGPOGPO,34
GPOGPOGPOGQAGPOGPOGPOGPO,34
GPOGPOGPOGPDGPOGPOGPOGPO,34
GPOGPOGPOGHRGPOGPOGPOGPO,33.9
GPOGPOGPOGMMGPOGPOGPOGPO,33.9
GPOGPOGPOGIAGPOGPOGPOGPO,33.9
GPOGPOGPOGKTGPOGPOGPOGPO,33.9
GQDGRNGERGEQGPTGPTGPAGPRGLQGLQ GLQGERGEQGPTGPAGPRGLQGERGEQGPT GLAGKAGEAGAKGETGPAGPQGPRGEQGPQ GLP GARGERAFPGERGVQGPP GKDGEAGAQGPAGPMGPAGERGEKGEP GTQGAKGDRGETGPVGPRGERGEAGPAGKD GERGPVGPAGKDGQNGQDGLPGKDGKDGQN GKDGLPGKDGKDGQNGKDGLPGKDGKDGQD GKDGLPGKDGKDGLPGKDGKDGQPGKPGKY,33.9
GPOGPOGPOGREGPOGPOGPOGPO,33.8
GPOGPOGPOGREGPOGPOGPOGPO,33.8
GPOGPOGPOGIMGPOGPOGPOGPO,33.7
GPOGPOGPOGTRGPOGPOGPOGPO,33.6
GPOGPOGPOGNMGPOGPOGPOGPO,33.6
GPOGPOGPOGFOGPOGPOGPOGPO,33.5
GPOGPOGPOGFOGPOGPOGPOGPO,33.5
GPOGPOGPOGFOGPOGPOGPOGPO,33.5
GPOGPOGPOGCRGPOGPOGPOGPO,33.5
GPOGPOGPOGSMGPOGPOGPOGPO,33.3
GPOGPOGPOGRVGPOGPOGPOGPO,33.3
GPOGPOGPOGECGPOGPOGPOGPO,33.3
GPOGPOGPOGGOGPOGPOGPOGPO,33.2
GPOGPOGPOGGOGPOGPOGPOGPO,33.2
GPOGPOGPOGLIGPOGPOGPOGPO,33.2
GPOGPOGPOGVIGPOGPOGPOGPO,33.1
GPOGPOGPOGQVGPOGPOGPOGPO,33.1
GPOGPOGPOGRTGPOGPOGPOGPO,33
GPOGPOGPOGASGPOGPOGPOGPO,33
GPOGPOGPOGADGPOGPOGPOGPO,33
GPOGPOGPOGPOGPVGAASATGPOGPOGPOGPOGPO,33
GPOGPOGPOGVQGPOGPOGPOGPO,32.9
GPOGPOGPOGAAGPOGPOGPOGPO,32.9
GPOGPOGPOGPGGPOGPOGPOGPO,32.9
GQDGRNGERGEQGPTGPTGPAGPRGLQGLQ GLQGERGEQGPTGPAGPRGLQGERGEQGPT GLAGKAGEAGAKGETGPAGPQGPRGEQGPQ GLP GARGERGFPGERGVQVPP GKDGEAGAQGPAGPMGPAGERGEKGEP GTQGAKGDRGETGPVGPRGERGEAGPAGKD GERGPVGPAGKDGQNGQDGLPGKDGKDGQN GKDGLPGKDGKDGQNGKDGLPGKDGKDGQD GKDGLPGKDGKDGLPGKDGKDGQPGKPGKY,32.9
GPOGPOGPOGMIGPOGPOGPOGPO,32.8
GPOGPOGPOGDVGPOGPOGPOGPO,32.8
GPOGPOGPOGQEGPOGPOGPOGPO,32.8
GPOGPOGPOGQTGPOGPOGPOGPO,32.8
GPOGPOGPOGPLGPOGPOGPOGPO,32.7
GPOGPOGPOGPGGPOGPOGPOGPO,32.7
GPOGPOGPOGPLGPOGPOGPOGPO,32.7
GPRGPRGPRGPRGPRGPRGPRGPR,32.6
GPOGPOGPOGIIGPOGPOGPOGPO,32.6
GPOGPOGPOGMQGPOGPOGPOGPO,32.6
GPOGPOGPOGQKGPOGPOGPOGPO,32.6
GPOGPOGPOGYPGPOGPOGPOGPO,32.5
GPOGPOGPOGNIGPOGPOGPOGPO,32.5
GPOGPOGPOGVAGPOGPOGPOGPO,32.5
GPOGPOGPOGDEGPOGPOGPOGPO,32.5
GPOGPOGPOGDTGPOGPOGPOGPO,32.5
GPOGPOGPOGVKGPOGPOGPOGPO,32.5
GPOGPOGPOGIQGPOGPOGPOGPO,32.4
GPOGPOGPOGKRGKOGPOGPOGPOGG,32.3
GPOGPOGPOGNQGPOGPOGPOGPO,32.3
GPOGPOGPOGSIGPOGPOGPOGPO,32.2
GPOGPOGPOGMAGPOGPOGPOGPO,32.2
GPOGPOGPOGACGPOGPOGPOGPO,32.1
GPAGPAGPAGPOGPOGPOGPOGPP,32
GPOGPOGPOGSQGPOGPOGPOGPO,32
GPOGPOGPOGVOGPOGPOGPOGPO,31.9
GPOGPOGPOGWOGPOGPOGPOGPO,31.9
GPOGPOGPOGNAGPOGPOGPOGPO,31.9
GPOGPOGPOGKCGPOGPOGPOGPO,31.9
GPOGPOGPOGHMGPOGPOGPOGPO,31.8
GPOGPOGPOGPLGPOGPOGPOGPO,31.7
GPOGPOGPOGFPGPOGPOGPOGPO,31.7
GPOGPOGPOGYRGPOGPOGPOGPO,31.7
GPOGPOGPOGLVGPOGPOGPOGPO,31.7
GPOGPOGPOGMKGPOGPOGPOGPO,31.7
GPOGPOGPOGPNGPOGPOGPOGPO,31.7
GPOGPOGPOGKNGPOGPOGPOGPO,31.7
GPOGPOGPOGTMGPOGPOGPOGPO,31.6
GPOGPOGPOGDAGPOGPOGPOGPO,31.6
GPOGPOGPOGSAGPOGPOGPOGPO,31.6
GPOGPOGPOGVVGPOGPOGPOGPO,31.6
﻿GPOGAKGEOGDAGAKGDAGPOGPOGPOGPOGPO,31.5
GPOGPOGPOGGPGPOGPOGPOGPO,31.4
GPOGPOGPOGCMGPOGPOGPOGPO,31.4
GPOGPOGPOGLEGPOGPOGPOGPO,31.4
GPOGPOGPOGLTGPOGPOGPOGPO,31.4
GPOGPOGPOGMVGPOGPOGPOGPO,31.3
GPOGPOGPOGVEGPOGPOGPOGPO,31.3
GPOGPOGPOGVTGPOGPOGPOGPO,31.3
GPOGPOGPOGEHGPOGPOGPOGPO,31.3
GPOGPOGPOGLAGPOGPOGPOGPO,31.2
GPOGPOGPOGIVGPOGPOGPOGPO,31.1
GPOGPOGPOGLKGPOGPOGPOGPO,31.1
GPAGPAGPOGPOGPOGPOGPP,31
GAAGPAGPOGPOGPOGPOGPP,31
GPOGPOGAAGPAGAAGPAGPOGPOGPOGPOGPP,31
GAAGPOGPOGPOGPOGPOGPP,31
GPOGPOGPOGNVGPOGPOGPOGPO,31
GPOGPOGPOGMEGPOGPOGPOGPO,31
GPOGPOGPOGMTGPOGPOGPOGPO,31
GPOGPOGPOGRCGPOGPOGPOGPO,31
GPOGPOGPOGKKGPOGPOGPOGPO,31
GPOGPOGPOGDKGPOGPOGPOGPO,30.9
GPOGPOGPOGFRGPOGPOGPOGPO,30.9
GPOGPOGPOGDKGPOGPOGPOGPO,30.9
GARGPAGPQGPRGDKGETGPOGPOGPOGPOGV,30.8
GPOGPOGPOGAKGPOGPOGPOGPO,30.8
GPOGPOGPOGIEGPOGPOGPOGPO,30.8
GPOGPOGPOGITGPOGPOGPOGPO,30.8
GPOGPOGPOGQCGPOGPOGPOGPO,30.8
GPOGPOGPOGAKGPOGPOGPOGPO,30.8
GPOGPOGPOGHIGPOGPOGPOGPO,30.7
GPOGPOGPOGSVGPOGPOGPOGPO,30.7
GPOGPOGPOGNEGPOGPOGPOGPO,30.7
GPOGPOGPOGNTGPOGPOGPOGPO,30.7
GPOGPOGPOGGRGPOGPOGPOGPO,30.6
GPOGPOGPOGESGPOGPOGPOGPO,30.6
GPOGPOGPPGPOGPOGPO,30.5
GPOGPOGPOGHQGPOGPOGPOGPO,30.5
GPOGPOGPOGDCGPOGPOGPOGPO,30.5
GPOGPOGPOGRSGPOGPOGPOGPO,30.5
GPOGPOGPOGTIGPOGPOGPOGPO,30.4
GPOGPOGPOGSEGPOGPOGPOGPO,30.4
GPOGPOGPOGSTGPOGPOGPOGPO,30.4
GPOGPOGPOGPVGPOGPOGPOGPO,30.3
GPOGPOGPOGCIGPOGPOGPOGPO,30.3
GPOGPOGPOGPYGPOGPOGPOGPO,30.2
GPOGPOGPOGTQGPOGPOGPOGPO,30.2
GPOGPOGPOGPYGPOGPOGPOGPO,30.2
GPOGPOGPOGPDGPOGPOGPOGPO,30.1
GPOGPOGPOGWPGPOGPOGPOGPO,30.1
GPOGPOGPOGCQGPOGPOGPOGPO,30.1
GPOGPOGPOGHAGPOGPOGPOGPO,30.1
GPOGPOGPOGAHGPOGPOGPOGPO,30.1
GPOGPOGROGRKGROGPOGPOGPOGPOGPOG,30
GPOGPOGPKGQKGEKGPOGPOGPOGPO,30
GPOGAAGPAGPOGPOGPOGPOGPP,30
GPOGPOGPKGTOGPOGPOGPO,30
﻿GPOGPOGPOGPOGAKADAGPOGPOGPOGPOGPO,30
GPOGPOGPOGKHGPOGPOGPOGPO,29.9
GPOGPOGPOGTAGPOGPOGPOGPO,29.8
GPOGPOGPOGCAGPOGPOGPOGPO,29.7
GPOGPOGPOGEDGPOGPOGPOGPO,29.7
GPOGPOGPOGYMGPOGPOGPOGPO,29.6
GPOGPOGPOGLAGPOGPOGPOGPO,29.5
GPOGPOGPOGRKGPOGPOGPOGPO,29.5
GPOGPOGPOGENGPOGPOGPOGPO,29.5
GPOGPOGPOGLCGPOGPOGPOGPO,29.4
GPOGPOGPOGAAGPOGPOGPOGPO,29.3
GPOGPOGPOGAAGPOGPOGPOGPO,29.3
GPOGPOGPOGWRGPOGPOGPOGPO,29.3
GPOGPOGPOGVCGPOGPOGPOGPO,29.3
GPOGPOGPOGHVGPOGPOGPOGPO,29.2
GPOGPOGPOGKSGPOGPOGPOGPO,29.2
GPOGPOGPOGPOAPOGPOGPOGPOGPO,29.15
GPOGPOGPOGMCGPOGPOGPOGPO,29
GPOGPOGPOGRHGPOGPOGPOGPO,29
GPOGPOGPOGPOAPOGPOGPOGPOGPO,29
GPOGPOGPOGTVGPOGPOGPOGPO,28.9
GPOGPOGPOGHEGPOGPOGPOGPO,28.9
GPOGPOGPOGHTGPOGPOGPOGPO,28.9
GPOGPOGPOGFMGPOGPOGPOGPO,28.8
GPOGPOGPOGCVGPOGPOGPOGPO,28.8
GPOGPOGPOGICGPOGPOGPOGPO,28.8
GPOGPOGPOGQHGPOGPOGPOGPO,28.8
GPOGPOGPOGNCGPOGPOGPOGPO,28.7
GPOGPOGPOGTEGPOGPOGPOGPO,28.6
GPOGPOGPOGTTGPOGPOGPOGPO,28.6
GPOGPOGPOGGMGPOGPOGPOGPO,28.5
GPOGPOGPOGYIGPOGPOGPOGPO,28.5
GPOGPOGPOGCEGPOGPOGPOGPO,28.5
GPOGPOGPOGCTGPOGPOGPOGPO,28.5
GPOGPOGPOGDHGPOGPOGPOGPO,28.5
GPOGPOGPOGEGGPOGPOGPOGPO,28.5
GPOGIRGPKGQKGEOGLOGPOGPOGPOGPOGY,28.4
GPOGPOGPOGSCGPOGPOGPOGPO,28.4
GPOGPOGPOGPFGPOGPOGPOGPO,28.4
GPOGPOGPOGPFGPOGPOGPOGPO,28.3
GPOGPOGPOGPFGPOGPOGPOGPO,28.3
GPOGPOGPOGYQGPOGPOGPOGPO,28.3
GPOGPOGPOGELGPOGPOGPOGPO,28.3
GPOGPOGPOGQSGPOGPOGPOGPO,28.1
GPOGPOGPOGYAGPOGPOGPOGPO,27.9
GPOGPOGPOGIKGPOGPOGPOGPO,27.9
GPOGPOGPOGALGPOGPOGPOGPO,27.8
GPOGPOGPOGNKGPOGPOGPOGPO,27.8
GPOGPOGPOGDSGPOGPOGPOGPO,27.8
GPOGPOGPOGALGPOGPOGPOGPO,27.8
GPOGPOGPOGFIGPOGPOGPOGPO,27.7
GPOGPOGPOGFQGPOGPOGPOGPO,27.5
GPOGPOGPOGSKGPOGPOGPOGPO,27.5
GPOGPOGPOGGIGPOGPOGPOGPO,27.4
GPOGPOGPOGLHGPOGPOGPOGPO,27.4
GPOGPOGPOGVHGPOGPOGPOGPO,27.3
GPOGPOGPOGAGGPOGPOGPOGPO,27.3
GPOGPOGPOGWMGPOGPOGPOGPO,27.2
GPOGPOGPOGGQGPOGPOGPOGPO,27.2
GPOGPOGPOGQDGPOGPOGPOGPO,27.1
GPOGPOGPOGKGGPOGPOGPOGPO,27.1
GPOGIAGPAGPOGPOGPOGPOGPP,27
GPOGPOGPOGYVGPOGPOGPOGPO,27
GPOGPOGPOGMHGPOGPOGPOGPO,27
GPAGPAGPVGPAGARGPAGPOGPOGPOGPO,27
GPOGPOGROGKRGKOGPOGPOGPOGG,26.9
GPOGPOGPOGHCGPOGPOGPOGPO,26.9
GPOGPOGPOGGKGPOGPOGPOGPO,26.9
GPOGPOGPOGKLGPOGPOGPOGPO,26.9
GPOGPOGPOGLLGPOGPOGPOGPO,26.9
GPOGPOGPOGIHGPOGPOGPOGPO,26.8
GPOGPOGPOGDDGPOGPOGPOGPO,26.8
GPOGPOGPOGYEGPOGPOGPOGPO,26.7
GPOGPOGPOGYTGPOGPOGPOGPO,26.7
GPOGPOGPOGNHGPOGPOGPOGPO,26.7
GPOGPOGPOGLSGPOGPOGPOGPO,26.7
GPOGPOGPOGTCGPOGPOGPOGPO,26.6
GPOGPOGPOGVSGPOGPOGPOGPO,26.6
GPOGPOGPOGCCGPOGPOGPOGPO,26.5
GPAGPAGPVGPAGARGPAGPOGPOGPOGPO,26.5
GPOGPOGPOGSHGPOGPOGPOGPO,26.4
GPOGPOGPOGMSGPOGPOGPOGPO,26.3
GPOGPOGPOGFVGPOGPOGPOGPO,26.2
GPOGPOGPOGRGGPOGPOGPOGPO,26.2
GPOGPOGPOGPWGPOGPOGPOGPO,26.1
GPOGPOGPOGWIGPOGPOGPOGPO,26.1
GPOGPOGPOGISGPOGPOGPOGPO,26.1
GPOGPOGPOGANGPOGPOGPOGPO,26.1
GPOGPOGPOGPWGPOGPOGPOGPO,26.1
GPAGPAGPVGPAGARGPAGPOGPOGPOGPOGV,26
GPOGPOGPOGPOGPAGPAGPVGPAGARGPAGV,26
GAAGPAGAAGPAGPOGPOGPOGPOGPP,26
GPOGAAGPAGAAGPAGPOGPOGPOGPOGPP,26
GIAGPAGPOGPOGPOGPOGPP,26
GPOGPOGPOGGAGPOGPOGPOGPO,26
GPOGPOGPOGHKGPOGPOGPOGPO,26
GPOGPOGPOGNSGPOGPOGPOGPO,26
GPOGPOGPOGQGGPOGPOGPOGPO,26
GPOGPOGPOGRLGPOGPOGPOGPO,26
GAOGERGPOGLAGAOGLRGPOGPOGPOGPOGV ,25.9
GPOGPOGPOGWQGPOGPOGPOGPO,25.9
GPOGPOGPOGGVGPOGPOGPOGPO,25.9
GPOGPOGPOGFEGPOGPOGPOGPO,25.9
GPOGPOGPOGFTGPOGPOGPOGPO,25.9
GPOGPOGPOGQLGPOGPOGPOGPO,25.8
GPOGPOGPOGEYGPOGPOGPOGPO,25.8
GPOGPOGPOGTKGPOGPOGPOGPO,25.7
GPOGPOGPOGSSGPOGPOGPOGPO,25.7
GPOGPOGPOGDGGPOGPOGPOGPO,25.7
GPOGPOGPOGGEGPOGPOGPOGPO,25.6
GPOGPOGPOGGTGPOGPOGPOGPO,25.6
GPOGPOGPOGCKGPOGPOGPOGPO,25.6
GPOGPOGPOGVDGPOGPOGPOGPO,25.6
GPOGPOGPOGWAGPOGPOGPOGPO,25.5
GPOGPOGPOGDLGPOGPOGPOGPO,25.5
GLAGEOGKOGIOGLOGRAGPOGPOGPOGPOGV,25.4
GPOGPOGPOGMDGPOGPOGPOGPO,25.3
GPOGPOGPOGGLGPOGPOGPOGPO,25.3
GPOGPOGPOGIDGPOGPOGPOGPO,25.1
GSOGAQGLQGPRGLOGTOGPOGPOGPOGPOGV,25
GPAGAAGPAGPOGPOGPOGPOGPP,25
GPOGPOGPOGNDGPOGPOGPOGPO,25
GPOGPOGPOGRNGPOGPOGPOGPO,25
GDRGETGPAGPAGPVGPAGARGPOGPOGPOGPO,25
GPOGPOGPOGHHGPOGPOGPOGPO,24.9
GPOGPOGPOGQNGPOGPOGPOGPO,24.8
GPOGPOGPOGYCGPOGPOGPOGPO,24.7
GPOGPOGPOGSDGPOGPOGPOGPO,24.7
GPOGPOGPOGWVGPOGPOGPOGPO,24.6
GPOGPOGPOGTHGPOGPOGPOGPO,24.6
GPOGPOGPOGLGGPOGPOGPOGPO,24.6
GPOGPOGPOGAYGPOGPOGPOGPO,24.6
GPOGPOGPOGCHGPOGPOGPOGPO,24.5
GPOGPOGPOGVGGPOGPOGPOGPO,24.5
GPOGPOGPOGDNGPOGPOGPOGPO,24.5
GPOGPOGPOGKYGPOGPOGPOGPO,24.4
GQDGRNGERGEQGPTGPTGPAGPRGLQGLQ GLQGERGEQGPTGPAGPRGLQGERGEQGPT GLAGKAGEAGAKGETGPAGPQGPRGEQGPQ GLP GARGERSFPGERGVQGPP GKDGEAGAQGPAGPMGPAGERGEKGEP GTQGAKGDRGETGPVGPRGERGEAGPAGKD GERGPVGPAGKDGQNGQDGLPGKDGKDGQN GKDGLPGKDGKDGQNGKDGLPGKDGKDGQD GKDGLPGKDGKDGLPGKDGKDGQPGKPGKY,24.4
GQDGRNGERGEQGPTGPTGPAGPRGLQGLQ GLQGERGEQGPTGPAGPRGLQGERGEQGPT GLAGKAGEAGAKGETGPAGPQGPRGEQGPQ GLP GARGERVFPGERGVQGPP GKDGEAGAQGPAGPMGPAGERGEKGEP GTQGAKGDRGETGPVGPRGERGEAGPAGKD GERGPVGPAGKDGQNGQDGLPGKDGKDGQN GKDGLPGKDGKDGQNGKDGLPGKDGKDGQD GKDGLPGKDGKDGLPGKDGKDGQPGKPGKY,24.4
GQDGRNGERGEQGPTGPTGPAGPRGLQGLQ GLQGERGEQGPTGPAGPRGLQGERGEQGPT GLAGKAGEAGAKGETGPAGPQGPRGEQGPQ GLP GARGERGFPGERGVQAPP GKDGEAGAQGPAGPMGPAGERGEKGEP GTQGAKGDRGETGPVGPRGERGEAGPAGKD GERGPVGPAGKDGQNGQDGLPGKDGKDGQN GKDGLPGKDGKDGQNGKDGLPGKDGKDGQD GKDGLPGKDGKDGLPGKDGKDGQPGKPGKY,24.4
GPOGPOGPOGWEGPOGPOGPOGPO,24.3
GPOGPOGPOGWTGPOGPOGPOGPO,24.3
GPOGPOGPOGVLGPOGPOGPOGPO,24.3
GPOGPOGPOGHSGPOGPOGPOGPO,24.2
GPOGPOGPOGMGGPOGPOGPOGPO,24.2
GPAGPAGPVGPAGARGPAGPOGPOGAOGPOGV,24.1
GPOGPOGPOGFAGPOGPOGPOGPO,24.1
GPOGPOGPOGIGGPOGPOGPOGPO,24
GPOGPOGPOGMLGPOGPOGPOGPO,24
GPOGPOGPOGEFGPOGPOGPOGPO,24
GPOGPOGROGKRGKQGQKGPOGPOGPOGPOG,23.9
GPOGPOGPOGFCGPOGPOGPOGPO,23.9
GPOGPOGPOGTSGPOGPOGPOGPO,23.9
GPOGPOGPOGNGGPOGPOGPOGPO,23.9
GQDGRNGERGEQGPTGPTGPAGPRGLQGLQ GLQGERGEQGPTGPAGPRGLQGERGEQGPT GLAGKAGEAGAKGETGPAGPQGPRGEQGPQ GLP GARGERGFPAERGVQGPP GKDGEAGAQGPAGPMGPAGERGEKGEP GTQGAKGDRGETGPVGPRGERGEAGPAGKD GERGPVGPAGKDGQNGQDGLPGKDGKDGQN GKDGLPGKDGKDGQNGKDGLPGKDGKDGQD GKDGLPGKDGKDGLPGKDGKDGQPGKPGKY,23.9
GQDGRNGERGEQGPTGPTGPAGPRGLQGLQ GLQGERGEQGPTGPAGPRGLQGERGEQGPT GLAGKAGEAGAKGETGPAGPQGPRGEQGPQ GLP GARGERGFPSERGVQGPP GKDGEAGAQGPAGPMGPAGERGEKGEP GTQGAKGDRGETGPVGPRGERGEAGPAGKD GERGPVGPAGKDGQNGQDGLPGKDGKDGQN GKDGLPGKDGKDGQNGKDGLPGKDGKDGQD GKDGLPGKDGKDGLPGKDGKDGQPGKPGKY,23.9
GQDGRNGERGEQGPTGPTGPAGPRGLQGLQ GLQGERGEQGPTGPAGPRGLQGERGEQGPT GLAGKAGEAGAKGETGPAGPQGPRGEQGPQ GLP GARGERGFPVERGVQGPP GKDGEAGAQGPAGPMGPAGERGEKGEP GTQGAKGDRGETGPVGPRGERGEAGPAGKD GERGPVGPAGKDGQNGQDGLPGKDGKDGQN GKDGLPGKDGKDGQNGKDGLPGKDGKDGQD GKDGLPGKDGKDGLPGKDGKDGQPGKPGKY,23.9
GQDGRNGERGEQGPTGPTGPAGPRGLQGLQ GLQGERGEQGPTGPAGPRGLQGERGEQGPT GLAGKAGEAGAKGETGPAGPQGPRGEQGPQ GLP GARGERGFPGERGVQSPP GKDGEAGAQGPAGPMGPAGERGEKGEP GTQGAKGDRGETGPVGPRGERGEAGPAGKD GERGPVGPAGKDGQNGQDGLPGKDGKDGQN GKDGLPGKDGKDGQNGKDGLPGKDGKDGQD GKDGLPGKDGKDGLPGKDGKDGQPGKPGKY,23.9
GPOGPOGPOGYKGPOGPOGPOGPO,23.8
GPOGPOGPOGCSGPOGPOGPOGPO,23.8
GPOGPOGPOGILGPOGPOGPOGPO,23.8
GPOGPOGPOGNLGPOGPOGPOGPO,23.7
GPOGPOGPOGGCGPOGPOGPOGPO,23.6
GPOGPOGPOGSGGPOGPOGPOGPO,23.6
GPOGPOGPOGRYGPOGPOGPOGPO,23.5
GPOGPOGPOGFAGPOGPOGPOGPO,23.4
GPOGPOGPOGSLGPOGPOGPOGPO,23.4
GPOGPOGPOGLNGPOGPOGPOGPO,23.4
GQDGRNGERGEQGPTGPTGPAGPRGLQGLQ GLQGERGEQGPTGPAGPRGLQGERGEQGPT GLAGKAGEAGAKGETGPAGPQGPRGEQGPQ GLP GARGERGFPGERAVQGPP GKDGEAGAQGPAGPMGPAGERGEKGEP GTQGAKGDRGETGPVGPRGERGEAGPAGKD GERGPVGPAGKDGQNGQDGLPGKDGKDGQN GKDGLPGKDGKDGQNGKDGLPGKDGKDGQD GKDGLPGKDGKDGLPGKDGKDGQPGKPGKY,23.4
GQDGRNGERGEQGPTGPTGPAGPRGLQGLQ GLQGERGEQGPTGPAGPRGLQGERGEQGPT GLAGKAGEAGAKGETGPAGPQGPRGEQGPQ GLP GARGERGFPGERSVQGPP GKDGEAGAQGPAGPMGPAGERGEKGEP GTQGAKGDRGETGPVGPRGERGEAGPAGKD GERGPVGPAGKDGQNGQDGLPGKDGKDGQN GKDGLPGKDGKDGQNGKDGLPGKDGKDGQD GKDGLPGKDGKDGLPGKDGKDGQPGKPGKY,23.4
GQDGRNGERGEQGPTGPTGPAGPRGLQGLQ GLQGERGEQGPTGPAGPRGLQGERGEQGPT GLAGKAGEAGAKGETGPAGPQGPRGEQGPQ GLP GARGERGFPGERVVQGPP GKDGEAGAQGPAGPMGPAGERGEKGEP GTQGAKGDRGETGPVGPRGERGEAGPAGKD GERGPVGPAGKDGQNGQDGLPGKDGKDGQN GKDGLPGKDGKDGQNGKDGLPGKDGKDGQD GKDGLPGKDGKDGLPGKDGKDGQPGKPGKY,23.4
GPOGROGRRGROGLKGEQGPOGPOGPOGPOGY,23.3
GPOGPOGPOGVNGPOGPOGPOGPO,23.3
GPOGPOGPOGQYGPOGPOGPOGPO,23.3
GPAGPAGPVGPAGARGPAGPOGPAGPOGPOGV,23.2
GDAGAOGERGPOGLAGAOGPOGPOGPOGPOGV ,23.2
GERGERGEKGERGEQGRDGPOGPOGPOGPOGV,23.2
GPOGPOGPOGHDGPOGPOGPOGPO,23.2
GINGFOGKDGRDGTKGEKGEOGPOGPOGPOGPOGG,23
GAAGAAGPAGPOGPOGPOGPOGPP,23
GPOGPOGPOGFKGPOGPOGPOGPO,23
GPOGPOGPOGMNGPOGPOGPOGPO,23
GPOGPOGPOGDYGPOGPOGPOGPO,23
GPOGPOGPOGTDGPOGPOGPOGPO,22.9
GPOGPOGPOGCDGPOGPOGPOGPO,22.8
GPOGPOGPOGINGPOGPOGPOGPO,22.8
GPOGPOGPOGYHGPOGPOGPOGPO,22.7
GPOGPOGPOGNNGPOGPOGPOGPO,22.7
GPOGPOGPOGKFGPOGPOGPOGPO,22.6
GPOGPOGPOGSNGPOGPOGPOGPO,22.4
GPOGPOGPOGWCGPOGPOGPOGPO,22.3
GPOGPOGPOGRKGROGPOGPOGPOGG,22.2
GPOGPOGPOGHGGPOGPOGPOGPO,22.1
GPOGPOGPOGYSGPOGPOGPOGPO,22
GPOGPOGPOGFHGPOGPOGPOGPO,21.9
GPOGPOGPOGHLGPOGPOGPOGPO,21.9
GPOGPOGPOGLYGPOGPOGPOGPO,21.9
GPOGPOGPOGAFGPOGPOGPOGPO,21.9
GPOGPOGPOGTGGPOGPOGPOGPO,21.8
GPOGPOGPOGVYGPOGPOGPOGPO,21.8
GPOGPOGPOGCGGPOGPOGPOGPO,21.7
GPOGPOGPOGRFGPOGPOGPOGPO,21.7
GPOGPOGPOGEWGPOGPOGPOGPO,21.7
GPOGPOGPOGGHGPOGPOGPOGPO,21.6
GPOGPOGPOGTLGPOGPOGPOGPO,21.6
GPOGPOGPOGCLGPOGPOGPOGPO,21.5
GPOGPOGPOGMYGPOGPOGPOGPO,21.5
GPOGPOGPOGQFGPOGPOGPOGPO,21.5
GPOGPOGPOGWKGPOGPOGPOGPO,21.4
GPOGPOGROGKRGKQGPOGPOGPOGG,21.3
GPOGPOGPOGIYGPOGPOGPOGPO,21.3
GPOGPOGPOGFSGPOGPOGPOGPO,21.2
GPOGPOGPOGNYGPOGPOGPOGPO,21.2
GPOGPOGPOGDFGPOGPOGPOGPO,21.2
GPAGPOGPOGPOGPOGPP,21
GSOGPOGPOGPOGPOGPP,21
GPOGPOGPOGPOGPOGPP,21
GPOGPOGPOGYDGPOGPOGPOGPO,21
GGKGDAGAOGERGPOGLAGPOGPOGPOGPOGV ,20.9
GPOGPOGPOGGSGPOGPOGPOGPO,20.9
GPOGPOGPOGHNGPOGPOGPOGPO,20.9
GPOGPOGPOGSYGPOGPOGPOGPO,20.9
GPOGPOGPOGAFGPOGPOGPOGPO,20.7
GPAGPAGPVGPAGARGPAGPOGPOGPOGPOGY ,20.6
GPOGPOGPOGTNGPOGPOGPOGPO,20.6
GPOGPOGPOGCNGPOGPOGPOGPO,20.5
GPOGPOGPOGWHGPOGPOGPOGPO,20.3
GPOGPOGPOGKWGPOGPOGPOGPO,20.3
GPOGPOGPOGFDGPOGPOGPOGPO,20.2
GPOGPOGRQGKRGKOGPOGPOGPOGG,20.1
GPOGPOGPOGLFGPOGPOGPOGPO,20.1
GPOGPOGPOGVFGPOGPOGPOGPO,20
GPAGPAGPVGPAGARGPAGPOGPOGPOGPO,20
GPOGPOGPOGGDGPOGPOGPOGPO,19.9
GPOGPOGPOGYGGPOGPOGPOGPO,19.9
GROGKRGKOGVRGPRGPOGPOGPOGPO,19.7
GPOGPOGPOGYLGPOGPOGPOGPO,19.7
GPOGPOGPOGMFGPOGPOGPOGPO,19.7
GPOGPOGPOGGFGPOGPOGPOGPO,19.7
GPOGPOGPOGWSGPOGPOGPOGPO,19.6
GPOGPOGPOGIFGPOGPOGPOGPO,19.5
GPOGPOGPOGHYGPOGPOGPOGPO,19.4
GPOGPOGPOGNFGPOGPOGPOGPO,19.4
GPOGPOGPOGRWGPOGPOGPOGPO,19.4
GOTGOTGOTGOTGOTGOTGOTGOTGOTGOT,19.2
GPOGPOGPOGQWGPOGPOGPOGPO,19.2
GPOGPOGPOGFGGPOGPOGPOGPO,19.1
GPOGPOGPOGTYGPOGPOGPOGPO,19.1
GPOGPOGPOGSFGPOGPOGPOGPO,19.1
GPOGPOGPOGCYGPOGPOGPOGPO,19
GPOGPOGPOGFLGPOGPOGPOGPO,18.9
GPOGPOGPOGDWGPOGPOGPOGPO,18.9
GPOGPOGPOGGGGPOGPOGPOGPO,18.8
GPOGPOGPOGYNGPOGPOGPOGPO,18.7
GROGAAGAOGVRGPRGPOGPOGPOGPO,18.6
GPOGPOGPOGWDGPOGPOGPOGPO,18.6
GPOGPOGPOGPOAGPOGPOGPOGPOGPO,18.55
GPOGPOGITGARGLAGPOGPOGPOGPO,18
GFOGKDGRDGTKGEKGEOGPOGPOGPOGPOGY ,17.9
GPOGPOGPOGFNGPOGPOGPOGPO,17.9
GPOGPOGPOGLWGPOGPOGPOGPO,17.8
GPOGPOGPOGVWGPOGPOGPOGPO,17.7
GPOGPOGPOGGNGPOGPOGPOGPO,17.6
GPOGPOGPOGHFGPOGPOGPOGPO,17.6
GLAGAOGLRGGAGPOGPEGPOGPOGPOGPOGV ,17.5
GPOGPOGPOGWGGPOGPOGPOGPO,17.5
GPOGPOGROGRKGROGPOGPOGPOGG,17.4
GPOGPOGPOGMWGPOGPOGPOGPO,17.4
GPOGPOGPOGWLGPOGPOGPOGPO,17.3
GPOGPOGPOGTFGPOGPOGPOGPO,17.3
GPOGPOGPOGYYGPOGPOGPOGPO,17.2
GPOGPOGPOGCFGPOGPOGPOGPO,17.2
GPOGPOGPOGIWGPOGPOGPOGPO,17.2
GPOGPOGPOGNWGPOGPOGPOGPO,17.1
GPOGPOGPOGSWGPOGPOGPOGPO,16.8
GPOGPOGPOGPGPOGPOGPOGPOGPO,16.65
GERGPOGLAGAOGLRGGAGPOGPOGPOGPOGV ,16.5
GPOGPOGPOGFYGPOGPOGPOGPO,16.4
GPOGPOGPOGWNGPOGPOGPOGPO,16.3
GPOGPOGPOGGYGPOGPOGPOGPO,16.1
GPAGPAGPVSPAGARGPAGPOGPOGPOGPO,16
GPAGPAGPVAPAGARGPAGPOGPOGPOGPO,16
GPOGLAGAOGLRGGAGPOGPOGPOGPOGPOGV ,15.8
GROGRKGROGVRGPRGPOGPOGPOGPO,15.5
GPOGPOGPOGYFGPOGPOGPOGPO,15.4
GPOGPOGPOGHWGPOGPOGPOGPO,15.3
GPOGPOGPOGTWGPOGPOGPOGPO,15
GPOGAOGAOGAOGPVAPAGARGPOGPOGPOGPO,15
GPOGPOGPOGCWGPOGPOGPOGPO,14.9
GPOGPOGPOGWYGPOGPOGPOGPO,14.8
GPOGPOGPOGFFGPOGPOGPOGPO,14.6
GPAGPAGPVGPAGARGPAGPOGAOGAOGAO,14
GPOGPOGPOGYWGPOGPOGPOGPO,13.1
GPOGPOGPOGWFGPOGPOGPOGPO,13
GPOGPOGPOGFWGPOGPOGPOGPO,12.3
GPSGPRGLOGPOGAOGPQGFQGPOGEOGPOGASGPM ,12
GPOGPOGPOGPOGPP,12
GPOGPOGPOGGWGPOGPOGPOGPO,12
﻿GPOGAKGEOGDAGAKADAGPOGPOGPOGPOGPO,12
GAOGRKGROGVAGPAGPOGPOGPOGPO,11
GPOGPOGPOGWWGPOGPOGPOGPO,10.7
GPOGPOGPOAPOGPOGPOGPOGPO,9.9
GROGKRGKTGLKGDIGPOGPOGPOGPO,9.8
GPOGPOGPOSPOGPOGPOGPOGPO,8.6
GPOGPOGROGKRGKQGQKGPOGPOGG,8.1
GLOGMLGQKGEMGPKGPOGPOGPOGPO,7
GDRGETGPAGPAGPVAPAGARGPOGPOGPOGPO,7
GLPGPRGEQGPTGPMRPAGPRGLQGLQGLQGERGEQGPTGPAGPRGLPGERGEQGPTGLAGKAGEAGAKGETGPAGPQGPRGEQGPQGLPGKDGEAGAQGPAGPMGPAGERGEKGEPGTQGAKGDRGETGPVGPRGERGEAGPAGKDGERGPVGPAGKDGQNGQDGLPGKDGKDGQNGKDGPGKDGKDGQNGKDGLPGKDGKDGQDGKDGLPGKDGKDGLPGKDGKDGQPGKPGKY,6.7
GPPGPPGPPGPPGPPGPP,6.5
GPAGPAGPVGPAGARGPAGPOGPOAPOGPO,6
GFOGAAGRTGPOGPSGISGPOGPOGPOGPOGV,4
GPOGAOGPLGIAGITGARGLAGPOGPOGPOGPOGG,4
GPRGNRGERGSEGSOGHOGQOGPOGPOGAOGV ,4
GPOGPOGPOGLDGPOGPOGPOGPO,2.7
GPOGPOGPOGAWGPOGPOGPOGPO,2.5
GPOGPOGPOCPOGPOGPOGPOGPO,-3
GPOGPOGPORPOGPOGPOGPOGPO,-7
GPOGPOGPOVPOGPOGPOGPOGPO,-10
GPOGPOGPOEPOGPOGPOGPOGPO,-16
GPOGPOGPODPOGPOGPOGPOGPO,-17
